city_name,latitude,temperature,humidity,cloudiness,wind_speed
Mataura,-46.19,282.59,71,95,5.36
Vila Franca do Campo,37.72,288.15,77,75,4.1
Hobart,-42.88,281.4,93,75,2.6
Kapaa,22.08,297.91,61,40,5.1
Ancud,-41.87,286.15,66,90,1.0
Cayenne,4.93,301.15,69,20,4.6
Sinnamary,5.38,300.26,74,63,5.78
Atuona,-9.8,300.96,71,4,2.7
Saskylakh,71.92,259.34,92,99,10.17
Ribeira Grande,38.52,290.15,72,20,6.7
San Felipe,10.34,302.22,51,16,3.82
College,64.86,279.71,33,75,0.81
Port Alfred,-33.59,289.26,83,0,1.79
Uvalde,29.37,300.86,28,1,10.3
Russell,32.35,297.97,65,20,5.1
Garden City,42.33,288.11,51,90,6.7
Naze,28.37,290.15,59,1,14.4
Bathsheba,13.22,301.15,65,20,6.7
Praia da Vitória,38.73,289.15,77,75,4.9
Dunedin,-45.87,283.71,61,100,11.18
Vytegra,61.01,274.5,84,100,6.85
New Norfolk,-42.78,281.24,93,75,2.6
Nishihara,26.18,290.33,39,75,7.2
Butaritari,3.07,301.49,81,98,7.16
Guerrero Negro,27.98,291.44,59,83,6.32
Busselton,-33.65,289.96,69,72,4.15
George Town,5.41,299.4,94,20,0.5
Punta Arenas,-53.15,283.92,66,40,13.9
Illertissen,48.22,284.05,50,86,1.5
Peace River,56.25,272.15,42,75,2.6
Gizo Government Station,-8.1,301.44,76,83,1.98
Hermanus,-34.42,284.9,91,10,2.42
East London,-33.02,292.32,64,0,7.55
Nemyriv,48.97,280.93,55,87,5.01
Rikitea,-23.12,298.78,84,67,6.91
Provideniya,64.38,273.15,96,90,4.0
Pechora,65.15,265.69,95,98,2.21
Bluff,-46.6,282.59,71,94,5.36
Iqaluit,63.75,266.15,85,75,11.8
Port Elizabeth,-33.92,289.15,72,0,9.3
Katsuura,35.13,283.15,93,75,8.7
Annonay,45.24,286.29,47,100,1.5
Vaini,-21.2,299.15,74,20,3.1
Bredasdorp,-34.53,285.27,71,4,34.0
Maragogi,-9.01,300.01,74,30,3.65
Morozovsk,48.35,276.47,72,30,4.52
Dikson,73.51,263.06,96,100,7.8
Serra,-20.13,296.82,64,75,4.1
Nikol'sk,53.72,270.97,93,99,6.87
Ushuaia,-54.8,278.15,86,75,10.3
Albany,42.6,288.37,25,75,7.7
Poum,-20.23,299.37,73,93,3.13
Tiksi,71.69,264.96,94,100,4.16
Zyryanka,65.75,269.18,97,99,2.95
Kahului,20.89,295.84,69,75,5.1
Hithadhoo,-0.6,302.51,68,12,3.18
Cape Town,-33.93,286.14,82,0,2.1
Shenjiamen,29.96,285.31,61,5,10.34
Anloga,5.79,302.15,83,20,4.6
Avarua,-21.21,300.15,94,97,1.5
Abu Dhabi,24.47,302.74,40,98,4.1
Koíla,40.33,282.15,66,83,1.0
Outram,1.28,300.16,88,75,3.38
Susanville,40.42,287.15,22,1,3.6
Port Macquarie,-31.43,285.23,81,0,1.5
Kati,12.74,305.15,35,20,1.5
Hilo,19.73,296.53,65,40,4.6
Hong Kong,22.29,289.49,39,62,6.2
Mossamedes,-15.2,297.68,73,0,0.36
Atar,20.52,301.46,17,2,4.32
Ostrovnoy,68.05,270.96,90,100,9.87
Tautira,-17.73,303.15,70,41,4.1
Jadu,31.95,288.05,46,1,1.84
Tuktoyaktuk,69.45,266.15,79,20,2.6
Chunhuhub,19.55,310.76,24,9,4.49
Annapolis,38.98,293.17,59,1,7.2
Lüderitz,-26.65,289.15,100,9,4.1
Zhigansk,66.77,268.79,98,100,6.04
Bethel,41.37,287.11,58,75,5.1
Port-Gentil,-0.72,300.08,70,55,1.37
Srednekolymsk,67.45,263.63,95,98,5.32
Banda Aceh,5.56,299.73,79,73,3.48
Palmer,42.16,286.64,30,75,7.7
Taber,49.82,271.4,49,75,7.2
Imeni Poliny Osipenko,52.42,274.16,84,24,0.98
Hamilton,39.18,288.79,59,90,2.6
Barrow,71.29,268.15,92,90,1.5
Cidreira,-30.18,293.05,76,69,6.0
Severo-Kuril'sk,50.68,272.24,94,88,3.81
Puerto Ayora,-0.74,299.94,88,75,2.6
Majene,-3.54,298.58,84,84,1.94
Nelson Bay,-32.72,283.81,93,59,2.33
Sittwe,20.15,297.17,87,0,3.03
Beringovskiy,63.05,263.82,95,100,4.21
Nikolskoye,59.7,278.09,81,90,6.0
Araouane,18.9,306.52,20,93,2.87
Saint-Pierre,-21.34,293.46,83,100,2.6
Torbay,47.67,278.93,52,75,4.1
Mar del Plata,-38.0,290.58,77,90,4.6
Kaitangata,-46.28,280.28,84,100,9.25
Belyy Yar,53.6,269.15,79,0,2.0
Ulverstone,-41.15,282.39,76,76,3.75
Qaanaaq,77.48,264.71,78,86,0.81
Lithgow,-33.48,282.68,100,94,0.21
Juradó,7.11,300.22,81,97,1.96
Olafsvik,64.89,279.0,92,100,9.75
Sechura,-5.56,299.36,63,1,6.98
Arraial do Cabo,-22.97,295.15,83,75,2.6
Yellowknife,62.46,265.51,44,5,3.1
Saurimo,-9.66,293.02,69,98,1.39
Aksarka,66.56,267.17,97,100,3.28
Ilulissat,69.22,276.15,74,100,5.7
Lebu,-37.62,286.39,56,0,7.28
Kamaishi,39.27,280.52,80,83,7.12
Menongue,-14.66,290.95,60,95,1.18
Michigan City,41.71,288.45,87,90,4.6
Rockland,41.17,289.44,58,1,4.6
Wolbrom,50.38,284.9,66,0,0.5
Souillac,-20.52,298.94,74,40,5.1
Aklavik,68.22,274.15,40,20,2.6
Shimoda,34.67,281.16,71,90,8.2
Elizabeth City,36.29,296.01,44,40,7.7
Paraty,-23.22,295.31,67,81,2.07
Lompoc,34.64,288.3,72,90,4.1
Ghanzi,-21.57,297.14,29,69,1.81
Grindavik,63.84,278.63,100,90,8.2
Acaraú,-2.89,299.78,85,100,3.09
San Miguel de Tucumán,-26.82,301.15,39,40,7.7
Kloulklubed,7.04,298.15,94,75,2.6
Faanui,-16.48,301.54,70,81,4.78
Westport,41.14,286.94,66,75,3.1
Hofn,64.25,274.54,87,87,6.56
Geraldton,-28.77,294.65,83,90,2.6
Bloemfontein,-29.12,286.15,76,60,1.0
Corpus Christi,27.8,306.67,13,20,11.8
Anlu,31.17,283.5,50,0,1.09
Stephenville,32.22,298.92,22,40,10.3
Gómez Plata,6.68,296.37,60,75,3.1
Jamestown,42.1,290.03,36,90,5.7
Mogadishu,2.04,301.47,74,29,6.59
Rawson,-43.3,291.37,29,0,5.64
Khatanga,71.97,255.62,93,36,4.32
Skjervøy,70.03,272.75,95,100,6.25
Upernavik,72.79,271.6,97,100,0.72
Nouakchott,18.09,298.15,61,46,6.2
Canutama,-6.53,300.74,87,97,1.25
Saint-Philippe,-21.36,293.1,83,87,2.6
Banff,51.18,269.82,55,100,3.13
Taoudenni,22.68,305.77,11,1,5.31
Makakilo City,21.35,298.85,69,40,4.1
Belance,16.18,291.14,80,48,1.44
Kaputa,-8.47,293.36,67,73,0.17
Meulaboh,4.14,299.3,83,95,2.62
Port Hawkesbury,45.62,280.62,36,1,2.6
Fukuechō,32.69,285.38,69,91,15.58
Arrondissement d'Arcachon,44.59,287.12,93,74,3.6
Firozpur,30.92,298.15,61,95,1.23
Miloslavskoye,53.58,274.44,76,7,0.58
Inhambane,-23.86,297.93,80,0,5.66
Vila Velha,-20.33,296.8,64,75,4.1
Pangnirtung,66.15,269.15,68,90,6.7
Isangel,-19.55,298.15,94,20,1.42
Caravelas,-17.71,298.75,84,22,7.74
Fortaleza,-3.72,302.1,74,20,4.1
Akçakoca,41.09,280.08,65,0,0.83
Weston,26.1,302.08,66,75,6.7
Roald,62.58,272.71,86,100,7.7
Iquitos,-3.75,279.15,100,75,2.6
Radeberg,51.12,287.53,41,66,1.5
Plettenberg Bay,-34.05,288.65,74,37,2.95
Kudahuvadhoo,2.67,301.79,67,6,1.09
Vila Praia de Âncora,41.81,286.43,87,90,2.1
Jizan,17.33,302.15,70,40,3.1
Petropavlovsk-Kamchatskiy,53.05,271.15,74,3,2.0
Saint Paul Harbor,57.79,279.15,81,90,2.1
Wairoa,-39.03,291.75,72,19,3.01
Burnie,-41.07,283.66,8,85,4.48
Novopokrovka,49.84,278.29,58,0,2.35
Ambilobe,-13.2,296.97,82,48,2.31
Cabo San Lucas,22.89,295.82,56,5,2.1
Amapá,1.0,297.23,92,98,2.63
Mookane,-23.69,297.29,22,54,0.9
Cupira,-8.62,296.61,69,74,3.95
San Jerónimo,-11.95,288.73,23,74,1.78
Bonthe,7.53,301.62,78,96,3.46
Boa Vista,2.82,306.15,38,40,6.2
Walvis Bay,-22.96,291.59,68,0,1.5
Mingora,34.78,292.61,41,100,2.68
Kuzino,57.02,276.04,84,95,2.7
Leningradskiy,69.38,265.26,87,94,1.37
Bubaque,11.28,299.25,75,16,6.99
La Ronge,55.1,264.15,52,75,8.2
Eureka,40.8,287.83,76,20,5.1
Xining,36.62,277.35,25,18,1.39
Pustoshka,56.34,279.96,57,100,4.74
Itacoatiara,-3.14,300.16,93,100,1.09
Christchurch,-43.53,287.58,71,5,7.2
Beba,22.44,306.15,55,20,8.7
Codrington,-38.27,283.8,81,93,3.27
Arlit,18.74,305.0,11,0,2.77
Marawi,8.0,292.06,69,0,1.34
Kiryat Gat,31.61,285.43,87,20,1.5
Sémbé,1.65,295.13,81,80,0.6
Taguatinga,-12.39,297.43,79,77,0.73
Yar-Sale,66.83,267.41,98,100,3.22
Teya,60.38,270.28,93,8,1.01
Tarko-Sale,64.92,274.33,97,100,3.64
Malatya Province,38.5,283.15,25,0,3.1
Port Lincoln,-34.73,287.61,72,11,4.07
Saldanha,-33.01,287.15,82,0,1.5
Pieve di Soligo,45.9,287.01,76,5,1.5
São Filipe,14.9,296.37,79,40,4.89
Stornoway,58.21,277.92,60,85,8.7
Natal,-5.79,300.15,78,64,3.1
Lipari,38.47,287.03,82,5,3.6
Maceió,-9.67,299.15,83,17,3.1
Margate,51.38,285.78,81,88,2.6
Glendive,47.11,271.07,68,75,4.1
Lagoa,39.05,289.66,81,0,4.06
Kavieng,-2.57,301.88,72,100,1.06
Khovd,48.01,277.58,35,70,1.49
Mahébourg,-20.41,298.98,74,40,5.1
Stokmarknes,68.56,273.71,79,100,3.13
Yumen,40.28,281.74,20,40,2.61
Paoua,7.24,300.15,43,99,3.05
Mount Gambier,-37.83,280.15,93,42,2.1
Bentiu,9.23,301.74,27,50,0.95
Aykhal,66.0,274.15,69,90,3.0
Grand-Santi,4.25,300.59,75,60,1.81
General Pico,-35.66,286.58,86,100,4.14
Prudentópolis,-25.21,292.07,54,9,0.8
Solnechnyy,50.72,274.35,74,0,0.46
Khani,41.96,276.15,93,21,2.1
Cap-aux-Meules,47.38,279.15,48,40,5.1
Bandarbeyla,9.49,300.14,76,26,5.0
Lovozero,68.0,270.33,93,100,11.32
Coahuayana Viejo,18.73,304.15,43,40,5.1
Asha,55.0,276.26,87,99,2.92
Ulaangom,49.98,271.62,70,94,0.16
Barinas,8.62,308.79,26,42,2.91
Anchorage,61.22,275.32,59,90,1.5
Kruisfontein,-34.0,287.2,74,0,4.76
La Oroya,-11.52,284.94,22,94,1.14
São Paulo de Olivença,-3.38,297.35,94,100,0.94
Castro,-24.79,290.33,56,13,0.83
Alofi,-19.06,302.15,66,81,7.2
Fereydūnkenār,36.69,283.15,93,75,1.0
Robertsport,6.75,300.82,82,100,3.86
Viesca,25.35,301.74,2,20,6.2
Chokurdakh,70.63,250.93,91,30,3.47
Ixtapa,20.7,299.7,42,40,5.7
Syracuse,37.09,283.84,87,0,2.1
Selma,36.57,294.96,53,56,1.5
Salisbury,51.07,285.09,54,100,1.5
Hualmay,-11.1,298.69,65,55,4.24
Riosucio,5.42,292.15,88,75,2.6
Panzhihua,26.59,287.37,53,52,0.75
Charyshskoye,51.4,278.47,54,100,1.78
Mattru,7.62,300.23,81,96,1.8
Remontnoye,46.56,276.04,51,36,8.0
Airai,-8.93,289.69,74,43,0.75
Rāwah,34.48,291.32,31,21,2.35
Wattegama,6.8,297.24,91,6,1.29
Bafra,41.57,278.15,86,40,1.5
Dingle,11.0,297.7,78,0,1.0
Omboué,-1.57,298.54,74,91,0.58
Vao,-22.67,298.23,72,81,1.64
Gondanglegi,-7.75,296.06,80,43,1.01
Laguna,38.42,293.77,60,1,2.39
Bogandé,12.97,304.6,14,7,3.3
Pevek,69.7,259.71,90,54,5.35
Thinadhoo,0.53,302.36,63,71,1.89
Ponta do Sol,32.67,287.65,82,75,6.7
Kosh-Agach,50.0,271.52,45,51,0.61
Al Bardīyah,31.76,288.64,74,0,1.91
Bambous Virieux,-20.34,298.94,74,40,5.1
Talara,-4.58,299.72,62,34,8.32
Verkhnyaya Inta,65.98,266.03,94,100,1.65
Muros,42.78,285.35,93,75,3.1
Oddur,4.12,298.89,59,88,6.71
Sola,-13.88,301.15,88,75,6.79
Talnakh,69.49,265.15,72,100,3.0
Port Hardy,50.7,285.15,34,40,2.1
Kolochava,48.43,284.26,47,0,1.42
Udachny,66.42,274.15,69,90,3.0
Kommunisticheskiy,61.68,274.71,90,100,2.0
Road Town,18.42,301.3,66,75,5.7
Narsaq,60.92,276.15,88,100,0.5
Fairbanks,64.84,279.79,33,20,0.85
Grand Gaube,-20.01,298.87,74,40,5.1
Sangar,63.92,265.53,94,32,3.94
Thompson,55.74,263.15,51,90,5.1
Carnarvon,-24.87,297.15,100,2,7.2
Sur,22.57,301.2,46,28,5.64
Sabha,27.04,298.47,16,0,6.31
Sitka,57.05,281.84,57,75,2.6
Sofiyivka,48.05,277.15,35,0,1.91
Sawākin,19.11,297.06,58,100,4.45
Santa Isabel,-23.32,292.96,72,20,3.6
Djibo,14.1,305.92,14,30,3.51
Havre-St-Pierre,50.23,275.15,64,1,6.7
Haines Junction,60.75,275.18,60,100,2.98
Salalah,17.02,301.15,69,20,4.1
Kidal,18.44,305.55,10,67,3.13
Clarence Town,-32.58,283.58,93,62,1.07
Padang,-0.95,298.16,77,100,2.01
San Jose,37.34,289.29,59,75,0.48
Tasiilaq,65.61,272.15,86,100,14.4
Kawalu,-7.38,295.7,82,72,0.33
Hasaki,35.73,282.5,93,75,8.7
Fano,43.82,287.92,66,40,1.0
Mae Sai,20.43,296.33,83,4,3.6
Chui,-33.7,291.92,75,69,4.51
Channel-Port aux Basques,47.57,272.85,95,0,6.4
Vestmannaeyjar,63.44,279.36,85,100,9.61
Diré,12.28,307.0,24,98,0.62
Medina,24.47,298.15,26,10,2.6
Klaksvík,62.23,273.15,84,97,4.1
Tapiramutá,-11.85,294.79,76,100,0.81
Quryq,43.2,282.39,66,92,6.93
Dryden,49.78,273.15,68,20,5.1
Avera,33.19,294.58,94,90,6.7
Helong,42.54,275.09,61,0,1.32
Ugoofaaru,5.67,302.73,72,56,4.61
Niltepec,16.57,306.17,45,100,5.66
Shingū,33.73,284.79,83,84,3.98
Bud,39.45,288.08,72,90,6.2
Gewanē,10.17,302.2,48,20,1.99
Ingham,42.6,288.08,58,90,4.1
San Patricio,19.22,302.15,79,40,5.1
Maniitsoq,65.42,274.22,93,100,11.33
Tuatapere,-46.13,282.59,71,39,5.36
Pisco,-13.7,297.19,30,0,10.3
Taizhou,32.49,279.82,70,0,3.09
Delījān,33.99,284.22,27,0,2.3
Dyurtyuli,55.49,278.59,87,100,3.23
Kavaratti,10.57,302.22,71,0,2.31
Paracuru,-3.41,302.06,74,20,4.1
Ponta Delgada,37.73,288.15,77,75,4.1
Ambon City,-3.7,296.15,94,20,4.1
Omsukchan,62.53,260.74,87,2,0.88
Cherskiy,68.75,263.33,95,95,4.79
High Rock,26.62,300.15,83,40,6.7
Labuhan,-6.88,297.71,85,67,1.44
Quzhou,28.96,281.39,78,0,1.86
Dillon,34.42,293.35,68,90,6.7
Kroya,-7.63,298.54,82,42,0.85
Clonakilty,51.62,281.59,81,40,8.7
Bac Lieu,9.29,300.98,76,93,5.4
Gien,47.69,286.75,55,67,1.56
Tucuruí,-3.77,298.01,91,100,0.1
Pandan,14.05,300.36,78,91,5.22
Ciudad Bolivar,8.12,309.33,26,88,6.23
Meadow Lake,34.8,290.2,18,75,8.2
Longyearbyen,78.22,253.15,70,40,2.6
Rudnyy,52.96,274.15,65,0,3.0
Tahoua,14.89,307.15,10,0,1.0
Fortuna,40.6,287.64,82,1,7.2
Portree,57.41,277.9,71,22,4.47
Sirūr,18.83,301.9,19,13,4.34
Novy Urengoy,66.08,269.85,98,100,2.6
Warsaw,52.23,284.9,40,16,2.6
Puerto Rico,-26.8,296.86,33,0,0.48
Adrar,20.5,302.66,15,91,5.45
Mount Isa,-20.73,290.15,45,19,1.5
Necochea,-38.55,288.89,97,100,0.89
Constitución,-35.33,288.21,53,14,6.38
Leh,34.17,275.19,17,0,0.68
Barra de Tecoanapa,16.52,304.18,52,11,5.4
Buraidah,26.33,295.15,37,40,8.7
Yandyki,45.77,279.01,62,14,6.64
Tilichiki,60.47,259.53,89,1,3.14
Mackay,-21.15,296.06,94,40,3.1
Nome,64.5,274.15,86,90,6.2
Wau,7.7,299.86,51,100,1.68
Serpa,37.95,288.15,87,20,2.1
Mumford,5.26,300.76,85,37,3.94
Huaidian,33.43,279.44,58,0,2.31
Laas,46.62,283.37,41,20,1.0
Nanortalik,60.14,274.11,90,85,9.47
Sterling,39.01,293.88,43,75,3.6
Shakhtinsk,49.71,280.15,100,90,2.0
Yangi Marg`ilon,40.43,289.15,77,90,2.1
Changde,29.05,283.74,66,1,2.98
Alice Springs,-23.7,288.15,51,2,1.5
Wote,-1.78,292.67,70,98,1.38
Severnyy,50.68,277.15,35,0,3.0
Pacifica,37.61,290.48,72,90,2.6
Alyangula,-13.85,295.15,100,69,1.77
Sept-Îles,50.2,276.86,51,75,6.7
Bucerías,20.75,299.71,42,40,5.7
Lerwick,60.15,276.15,55,91,9.3
Mahajanga,-15.72,300.15,69,20,3.6
Moïssala,8.34,303.48,34,96,2.5
Verāval,20.9,300.17,48,0,6.87
Jiangyou,31.77,288.08,63,100,0.83
Puerto Escondido,15.85,302.15,79,40,4.1
Hervey Bay,-25.3,293.59,82,4,3.6
Ca Mau,9.18,299.43,83,99,2.63
Naliya,23.27,299.49,61,0,6.28
Portland,45.52,290.74,21,20,5.1
Nyurba,63.28,273.36,91,99,3.33
Isiro,2.77,293.14,80,100,0.41
Bilma,18.69,301.58,14,0,4.03
Antofagasta,-23.65,292.15,72,90,5.1
Tauranga,-37.69,290.43,84,39,8.94
Renqiu,38.7,281.22,48,0,2.13
San Juan,-31.54,296.68,32,99,7.6
Bengkulu,-3.8,298.51,81,99,1.44
Lázaro Cárdenas,17.96,302.43,58,55,3.95
Mabaruma,8.2,301.15,62,100,3.61
Kharp,66.8,265.97,90,100,2.32
Lethem,3.38,307.25,36,92,5.84
Muzhi,65.37,267.57,97,100,4.51
Saint-Pierre,-21.34,293.46,83,100,2.6
Manokwari,-0.87,299.45,73,97,3.02
Tres Arroyos,-38.37,287.59,85,100,1.81
Nacozari,25.34,301.56,33,0,1.34
Bedelē,8.46,289.07,56,100,1.42
Aksu,41.12,288.62,19,2,1.6
Olinda,-8.01,302.15,70,20,3.1
Kirovskiy,45.09,274.97,76,18,2.15
Port Moresby,-9.44,298.15,100,75,1.0
Flin Flon,54.77,264.15,47,90,6.2
Rio Brilhante,-21.8,299.46,58,23,1.95
Buala,-8.14,301.53,78,90,3.55
Broken Hill,-31.95,283.15,57,23,3.1
Husavik,66.04,279.15,60,16,12.9
Novyy Svit,47.81,278.73,55,0,1.83
Egvekinot,66.32,266.38,85,36,0.63
Neiafu,-18.65,301.15,74,20,4.6
Norman Wells,65.28,275.15,47,75,4.6
Yatou,37.15,280.49,66,0,6.79
Motygino,58.18,272.84,91,0,2.27
Lavrentiya,65.58,271.16,97,100,1.36
Zholymbet,51.74,280.21,63,54,3.42
Evanston,42.04,289.18,67,90,6.7
Ketchikan,55.34,283.36,43,1,2.6
Forsytheganj,52.63,278.78,59,87,4.38
Matara,5.95,298.28,89,0,2.05
Santa Ana Xalmimilulco,19.22,300.15,13,75,14.9
Biak,-0.91,299.25,71,5,1.06
Nūrpur,29.15,298.43,27,19,2.32
Bilibino,68.05,260.26,88,1,0.43
Pineville,31.32,299.69,73,90,6.7
Leshukonskoye,64.9,267.46,95,0,2.44
Namatanai,-3.67,300.79,75,93,1.21
Huejuquilla el Alto,22.6,300.13,7,69,9.2
Fort Saint James,54.43,279.21,46,0,0.9
Savonlinna,61.87,277.1,100,90,5.7
Voloshka,61.33,270.13,90,42,4.11
Kangalassy,62.35,271.15,63,0,5.0
Monterrey,25.67,308.64,2,5,13.9
Zima,53.92,272.49,78,0,0.9
Lorengau,-2.02,301.23,75,27,1.6
Jijiang,29.29,289.01,72,100,2.0
Burns Lake,54.23,281.15,38,0,0.65
Xichang,27.9,284.89,44,98,0.38
Krasnosel'kup,65.7,274.95,98,100,3.14
Kumluca,36.37,289.43,53,0,2.09
Qui Nhon,13.77,297.67,87,100,4.32
Oussouye,12.48,298.15,83,40,3.1
Port Blair,11.67,300.97,72,84,1.7
Erenhot,43.65,280.57,29,100,2.97
Port Hedland,-20.32,300.15,78,90,2.6
Alcúdia,39.85,288.85,82,100,2.6
Druzhba,52.04,277.17,64,86,3.56
Santiago,-33.46,291.15,59,75,1.0
Key Largo,25.09,301.68,79,75,5.7
Biltine,14.53,299.49,13,35,4.73
Jambi City,-1.6,296.99,95,100,0.32
Yulara,-25.24,292.15,45,0,2.6
Sulangan,11.14,300.01,73,0,1.88
Greer,34.94,286.38,93,90,4.6
Clyde River,70.47,261.15,85,90,12.9
Katherine,-14.47,295.15,88,61,2.6
Mizdah,31.45,287.98,45,0,8.64
Port Hueneme,34.15,288.02,77,90,4.6
Tabasalu,59.43,279.25,87,75,6.2
Sioux Lookout,50.1,273.15,72,75,5.1
Baykit,61.67,269.25,94,26,0.28
Alihe,50.57,278.26,51,31,1.2
Aksu,41.12,288.62,19,2,1.6
Bangassou,4.74,296.28,76,100,1.05
Luau,-10.71,291.83,69,82,1.85
Salinópolis,-0.61,301.09,81,98,6.01
Khuzhir,53.19,271.06,85,4,2.37
Lucapa,-8.42,293.99,72,99,1.13
Santa,17.49,295.51,83,0,2.26
Vanimo,-2.67,299.0,85,100,3.35
Ewo,-0.87,296.38,79,95,1.36
San Javier,37.81,287.78,93,91,5.7
Denpasar,-8.65,298.15,94,20,2.6
Şebinkarahisar,40.29,271.0,55,33,0.8
Miyang,24.4,285.53,48,100,1.67
Merauke,-8.47,298.02,92,96,3.42
Tocopilla,-22.09,298.41,36,21,2.24
Saint-Joseph,-21.37,293.14,83,94,2.6
Aitape,-3.14,299.21,83,100,2.29
Riyadh,24.69,295.15,26,81,5.1
Severo-Yeniseyskiy,60.37,269.21,92,0,1.22
Ubari,26.59,299.15,15,0,5.06
Samarai,-10.62,298.96,72,62,2.82
Asău,46.43,283.49,43,1,6.7
Pacific Grove,36.62,286.5,82,90,4.1
Altusried,47.8,285.03,66,96,1.0
Borogontsy,62.67,266.24,95,22,3.22
Esperance,-33.87,290.15,100,16,1.0
Rincón de la Victoria,36.72,287.19,82,75,4.1
Wagar,16.15,295.81,36,91,4.43
Nabire,-3.37,297.04,83,74,1.58
Swan Hill,-35.34,283.11,72,77,1.15
Yarmolyntsi,49.19,282.59,43,7,1.34
Mitú,1.2,300.76,85,93,0.19
Korla,41.76,287.85,81,55,2.24
Rio Grande,-32.03,294.2,60,20,6.7
Dakar,14.69,296.15,88,30,3.1
Makat,47.65,278.96,61,19,7.16
Wah,33.8,293.26,77,20,3.1
Kardailovo,51.54,275.33,82,89,6.62
Surgut,61.25,278.15,65,100,3.0
Borba,-4.39,301.24,85,98,0.79
Ntchisi,-13.53,288.1,64,89,0.9
Sumbawanga,-7.97,288.3,59,94,1.13
Cap Malheureux,-19.98,298.87,74,40,5.1
Dicabisagan,17.08,297.26,86,92,4.63
Saint-Augustin,51.23,274.53,86,11,5.16
Berlin,52.52,286.12,62,2,1.0
Banepā,27.63,291.15,88,75,1.0
Harper,4.38,300.69,82,100,3.39
Half Moon Bay,37.46,289.79,87,75,3.1
Kysyl-Syr,63.9,268.37,97,30,3.03
Mt. Pleasant,32.79,294.56,83,90,5.7
Yerbogachën,61.28,270.91,95,4,1.75
Champerico,14.3,307.15,52,40,6.2
Umarkot,25.36,304.15,19,0,4.33
Normandin,48.83,279.17,52,75,6.2
Amboasary,-25.03,295.66,83,0,2.42
Keetmanshoop,-26.58,295.15,28,6,1.5
Itoman,26.12,290.37,36,40,10.8
Oodweyne,9.41,300.16,36,21,2.91
Nogliki,51.83,269.08,97,7,1.98
Sweetwater,25.76,302.22,74,75,7.7
Mehamn,71.04,271.31,68,100,2.6
Yaypan,40.38,290.75,63,100,0.6
Marzuq,14.4,295.8,50,79,2.37
Aljezur,37.32,289.26,88,1,5.03
Winslow,35.02,287.53,44,75,3.1
Abhar,36.15,279.66,48,100,0.85
Corinth,37.94,285.94,71,0,1.06
Sos'va,59.18,279.06,90,100,2.44
Shetpe,44.17,279.49,54,77,6.32
Rurrenabaque,-14.44,304.02,48,28,0.95
Kamina,-8.74,292.89,68,100,1.0
Panjāb,34.39,277.47,37,98,0.37
Aswān,24.09,295.15,14,11,4.6
Ilebo,-4.32,295.47,86,83,1.39
Oranjemund,-28.55,289.46,93,22,2.49
Yate,51.54,286.41,62,100,2.6
Gremyachinsk,58.56,275.37,75,100,0.45
Kiruna,67.86,269.15,92,90,7.2
Simbahan,6.3,300.66,66,0,1.89
Batemans Bay,-35.72,282.55,100,100,1.26
Zhezkazgan,47.8,279.5,64,0,3.29
Inírida,3.87,305.11,61,100,0.55
Bowen,-20.02,297.08,94,90,2.1
Puerto Ayacucho,5.66,310.15,29,40,1.0
Wexford,52.33,282.86,87,40,5.1
São João da Barra,-21.64,296.62,73,75,2.1
Esil,51.96,279.28,58,0,3.47
Kupang,-10.17,298.15,94,75,2.1
Montoro,38.02,290.16,72,59,4.6
Tessalit,20.2,303.63,14,32,2.4
Coquimbo,-29.95,290.15,72,75,3.6
Saint George,37.1,292.33,34,20,4.6
Bone,51.97,286.65,58,71,2.1
Halifax,44.65,282.54,29,90,7.2
Rocha,-34.48,292.26,63,81,2.8
Bantou,26.22,280.86,66,18,0.91
Alekseyevskaya,50.29,275.37,63,13,1.79
Jacksonville Beach,30.29,301.12,78,90,9.8
Nadadores,27.05,304.57,9,5,15.4
De Aar,-30.65,289.55,47,71,2.25
Kalmunai,7.42,300.55,81,17,2.33
Mawlaik,23.63,294.99,43,0,1.04
Bukachacha,52.98,274.89,64,64,3.78
Coyhaique,-45.58,285.78,62,75,2.6
Salym,60.06,275.5,94,100,2.39
Wencheng,33.06,282.06,49,0,1.78
Keşan,40.86,279.72,68,0,3.73
Progreso,21.28,314.21,21,75,9.3
Bertoua,4.58,295.24,75,100,2.07
Irati,-25.47,290.92,57,8,0.82
Calabozo,8.92,310.99,17,56,3.66
Sistranda,63.73,274.44,86,75,8.7
Kaeo,-35.1,291.46,89,6,2.68
Pen,18.75,302.15,83,40,1.5
Gornopravdinsk,60.05,276.0,93,100,2.69
Morondava,-20.28,298.15,81,2,3.21
Ballina,-28.87,285.95,100,3,3.72
Dinghaicun,26.28,285.15,62,0,3.0
Gannan,47.91,282.5,39,0,2.12
Pechory,57.82,282.15,42,100,7.0
Tataouine,32.93,289.15,59,89,3.1
Alenquer,-1.94,302.15,79,40,2.1
Vardø,70.37,270.66,92,75,9.3
Vestmanna,62.16,273.15,87,86,4.1
San Rafael,-34.62,292.03,42,100,4.68
Vânători-Neamţ,47.2,281.53,49,0,4.6
Changji,44.02,286.15,37,30,3.0
Hailar,49.2,278.15,42,36,2.77
Hudson Bay,52.85,266.74,85,100,4.99
Camocim,-2.9,299.59,85,100,2.97
San Cristobal,7.77,306.15,52,20,5.1
Kilindoni,-7.91,299.32,84,100,5.1
Maraã,-1.83,301.5,82,71,0.49
Butembo,0.15,287.71,67,100,0.56
Palmares do Sul,-30.26,292.26,76,79,4.12
Hay River,60.82,265.15,61,75,4.1
Ginda,30.69,286.96,20,0,2.62
Baghdad,33.34,291.15,55,20,2.59
Boa Esperança,-21.09,293.94,65,96,1.84
Linhares,-19.39,296.12,83,80,4.42
Ramos Arizpe,25.55,301.32,39,5,5.1
Aranos,-24.13,297.22,19,19,1.97
Santa Isabel,-23.32,292.96,72,20,3.6
Porto-Novo,6.5,302.15,79,40,6.2
Sungai Padi,6.09,301.04,83,20,1.0
Fort Nelson,58.81,277.15,29,20,1.0
Datong,40.09,278.92,32,23,1.21
Broome,42.25,288.57,29,90,5.1
Eirunepé,-6.66,295.98,90,100,1.36
Villamontes,-21.25,302.0,33,0,2.57
Boende,-0.22,295.04,88,100,0.31
Impfondo,1.64,295.24,85,100,0.83
Codajás,-3.84,300.82,90,77,1.59
Agirish,61.92,274.36,89,100,2.12
Kununurra,-15.77,297.15,94,66,0.61
Bairiki Village,1.33,303.15,79,75,7.2
Ledyard Center,41.44,285.41,71,90,3.6
Wilmington,34.23,294.79,60,1,4.6
Bolobo,-2.17,297.05,83,100,0.9
Portobelo,9.55,300.78,79,40,3.6
Alta Floresta,-9.88,303.15,70,40,1.5
North Bend,43.41,288.74,62,1,8.7
Orange,33.7,287.83,72,90,3.6
